INSERT INTO account_registry (AccountNumber, LastName, FirstName, UserName, DOB, EmailAddress, PasswordHash, CreatedAt) VALUES
('A9692', 'Admin', 'Root', 'Admin', '1111-01-01', 'Admin@Root.com', '4813494d137e1631bba301d5acab6e7bb7aa74ce1185d456565ef51d737677b2', '2024-06-15 01:17:12.2339506');
INSERT INTO account_checking (AccountNumber, CheckingBalance) VALUES
('A9692', 5000.0);
INSERT INTO address (AccountNumber, StreetAddress, StreetAddress2, City, StateCode, ZipCode) VALUES
('A9692', '11 Root Steet', NULL, 'Admin City', 'AL', '11111');

INSERT INTO account_registry (AccountNumber, LastName, FirstName, UserName, DOB, EmailAddress, PasswordHash, CreatedAt) VALUES
('A3980', 'Kendric', 'Llamar', 'Kllamar', '1956-06-03', 'K.LAMA32@gmail.com', '4813494d137e1631bba301d5acab6e7bb7aa74ce1185d456565ef51d737677b2', '2024-06-15 02:23:33.2381997');
INSERT INTO account_checking (AccountNumber, CheckingBalance) VALUES
('A3980', 5000.0);
INSERT INTO address (AccountNumber, StreetAddress, StreetAddress2, City, StateCode, ZipCode) VALUES
('A3980', '69 Bodega Rd', NULL, 'Croton City', 'WY', '99875');

INSERT INTO account_registry (AccountNumber, LastName, FirstName, UserName, DOB, EmailAddress, PasswordHash, CreatedAt) VALUES
('A6754', 'Rudd', 'Paul', 'PRudd', '1984-04-26', 'PRudd@Coolmail.com', '20759be882a32c46a8612ba19cb4508cce026cff77c719cb69694e62cc6f2ec2', '2024-06-16 02:29:09.9835316');
INSERT INTO account_checking (AccountNumber, CheckingBalance) VALUES
('A6754', 5000.0);
INSERT INTO address (AccountNumber, StreetAddress, StreetAddress2, City, StateCode, ZipCode) VALUES
('A6754', '3 Beverly RD', NULL, 'Beverly Hills', 'CA', '11111');

INSERT INTO account_registry (AccountNumber, LastName, FirstName, UserName, DOB, EmailAddress, PasswordHash, CreatedAt) VALUES
('A5715', 'Siddiquee', 'Tughlok', 'TS', '2024-06-01', 'ts@email.com', '76b30062ae9e1bd0de528674aaf5b013bf75e7320e9ee1b50500bcaff63f4571', '2024-06-16 02:38:26.232594');
INSERT INTO account_checking (AccountNumber, CheckingBalance) VALUES
('A5715', 5000.0);
INSERT INTO address (AccountNumber, StreetAddress, StreetAddress2, City, StateCode, ZipCode) VALUES
('A5715', '123 Fake st', NULL, 'Fake City', 'CA', '11111');

INSERT INTO account_registry (AccountNumber, LastName, FirstName, UserName, DOB, EmailAddress, PasswordHash, CreatedAt) VALUES
('A4220', 'Rudd', 'Paul', 'PRudd22', '1985-02-06', 'PRudd22@gmail.com', '448b5412161c07a3a58990e18850bc85d9e30b68bbc82dce5154e3c3d8a1ec71', '2024-06-16 03:05:24.1974371');
INSERT INTO account_checking (AccountNumber, CheckingBalance) VALUES
('A4220', 5000.0);
INSERT INTO address (AccountNumber, StreetAddress, StreetAddress2, City, StateCode, ZipCode) VALUES
('A4220', '889 Fake St', NULL, 'Fake City', 'CT', '11235');

INSERT INTO account_registry (AccountNumber, LastName, FirstName, UserName, DOB, EmailAddress, PasswordHash, CreatedAt) VALUES
('A8574', 'asdf', 'sadf', 'PRud22', '2024-06-17', 'afs', 'a665a45920422f9d417e4867efdc4fb8a04a1f3fff1fa07e998e86f7f7a27ae3', '2024-06-16 03:06:35.8766105');
INSERT INTO account_checking (AccountNumber, CheckingBalance) VALUES
('A8574', 5000.0);
INSERT INTO address (AccountNumber, StreetAddress, StreetAddress2, City, StateCode, ZipCode) VALUES
('A8574', 'asfd', 'asfd', 'safd', 'CA', '12312');

INSERT INTO account_registry (AccountNumber, LastName, FirstName, UserName, DOB, EmailAddress, PasswordHash, CreatedAt) VALUES
('A8291', 'Doe', 'John', 'JDoe23', '1999-02-02', 'JDoe23@Gmail.com', '1a3126dffb18d3bae0614e4449a8ea04a9bc6875450ab3c4d6136ad2608aedac', '2024-06-16 03:11:33.2685827');
INSERT INTO account_checking (AccountNumber, CheckingBalance) VALUES
('A8291', 5000.0);
INSERT INTO address (AccountNumber, StreetAddress, StreetAddress2, City, StateCode, ZipCode) VALUES
('A8291', '111 Fake St', NULL, 'Fake City', 'CA', '12311');

